"care_site_id","care_site_name","place_of_service_concept_id","location_id","care_site_source_value","place_of_service_source_value"
14873,NULL,NULL,NULL,NULL,NULL
45902,NULL,NULL,NULL,NULL,NULL
25388,NULL,NULL,NULL,NULL,NULL
38228,NULL,NULL,NULL,NULL,NULL
71312,NULL,NULL,NULL,NULL,NULL
44812,NULL,NULL,NULL,NULL,NULL
85029,NULL,NULL,NULL,NULL,NULL
1082,NULL,NULL,NULL,NULL,NULL
9175,NULL,NULL,NULL,NULL,NULL
27469,NULL,NULL,NULL,NULL,NULL
16307,NULL,NULL,NULL,NULL,NULL
17112,NULL,NULL,NULL,NULL,NULL
8844,NULL,NULL,NULL,NULL,NULL
20445,NULL,NULL,NULL,NULL,NULL
300,NULL,NULL,NULL,NULL,NULL
54787,NULL,NULL,NULL,NULL,NULL
23123,NULL,NULL,NULL,NULL,NULL
38291,NULL,NULL,NULL,NULL,NULL
43107,NULL,NULL,NULL,NULL,NULL
57073,NULL,NULL,NULL,NULL,NULL
58013,NULL,NULL,NULL,NULL,NULL
90032,NULL,NULL,NULL,NULL,NULL
5911,NULL,NULL,NULL,NULL,NULL
97901,NULL,NULL,NULL,NULL,NULL
2694,NULL,NULL,NULL,NULL,NULL
84901,NULL,NULL,NULL,NULL,NULL
63092,NULL,NULL,NULL,NULL,NULL
51584,NULL,NULL,NULL,NULL,NULL
9607,NULL,NULL,NULL,NULL,NULL
20708,NULL,NULL,NULL,NULL,NULL
39683,NULL,NULL,NULL,NULL,NULL
35746,NULL,NULL,NULL,NULL,NULL
86283,NULL,NULL,NULL,NULL,NULL
20027,NULL,NULL,NULL,NULL,NULL
20794,NULL,NULL,NULL,NULL,NULL
39044,NULL,NULL,NULL,NULL,NULL
8662,NULL,NULL,NULL,NULL,NULL
48935,NULL,NULL,NULL,NULL,NULL
15006,NULL,NULL,NULL,NULL,NULL
27148,NULL,NULL,NULL,NULL,NULL
50810,NULL,NULL,NULL,NULL,NULL
59875,NULL,NULL,NULL,NULL,NULL
89925,NULL,NULL,NULL,NULL,NULL
58208,NULL,NULL,NULL,NULL,NULL
73612,NULL,NULL,NULL,NULL,NULL
81892,NULL,NULL,NULL,NULL,NULL
82356,NULL,NULL,NULL,NULL,NULL
53750,NULL,NULL,NULL,NULL,NULL
29344,NULL,NULL,NULL,NULL,NULL
74662,NULL,NULL,NULL,NULL,NULL
9227,NULL,NULL,NULL,NULL,NULL
2766,NULL,NULL,NULL,NULL,NULL
62217,NULL,NULL,NULL,NULL,NULL
80283,NULL,NULL,NULL,NULL,NULL
19040,NULL,NULL,NULL,NULL,NULL
7506,NULL,NULL,NULL,NULL,NULL
8321,NULL,NULL,NULL,NULL,NULL
54533,NULL,NULL,NULL,NULL,NULL
17873,NULL,NULL,NULL,NULL,NULL
7698,NULL,NULL,NULL,NULL,NULL
57707,NULL,NULL,NULL,NULL,NULL
31429,NULL,NULL,NULL,NULL,NULL
44356,NULL,NULL,NULL,NULL,NULL
14388,NULL,NULL,NULL,NULL,NULL
69389,NULL,NULL,NULL,NULL,NULL
93069,NULL,NULL,NULL,NULL,NULL
51654,NULL,NULL,NULL,NULL,NULL
94601,NULL,NULL,NULL,NULL,NULL
87511,NULL,NULL,NULL,NULL,NULL
49669,NULL,NULL,NULL,NULL,NULL
89316,NULL,NULL,NULL,NULL,NULL
52563,NULL,NULL,NULL,NULL,NULL
23499,NULL,NULL,NULL,NULL,NULL
36481,NULL,NULL,NULL,NULL,NULL
13101,NULL,NULL,NULL,NULL,NULL
43277,NULL,NULL,NULL,NULL,NULL
82775,NULL,NULL,NULL,NULL,NULL
46769,NULL,NULL,NULL,NULL,NULL
88086,NULL,NULL,NULL,NULL,NULL
4306,NULL,NULL,NULL,NULL,NULL
73858,NULL,NULL,NULL,NULL,NULL
83159,NULL,NULL,NULL,NULL,NULL
16582,NULL,NULL,NULL,NULL,NULL
12558,NULL,NULL,NULL,NULL,NULL
16628,NULL,NULL,NULL,NULL,NULL
71232,NULL,NULL,NULL,NULL,NULL
77256,NULL,NULL,NULL,NULL,NULL
70684,NULL,NULL,NULL,NULL,NULL
89208,NULL,NULL,NULL,NULL,NULL
68197,NULL,NULL,NULL,NULL,NULL
81702,NULL,NULL,NULL,NULL,NULL
52361,NULL,NULL,NULL,NULL,NULL
8598,NULL,NULL,NULL,NULL,NULL
85875,NULL,NULL,NULL,NULL,NULL
77945,NULL,NULL,NULL,NULL,NULL
31775,NULL,NULL,NULL,NULL,NULL
7313,NULL,NULL,NULL,NULL,NULL
7458,NULL,NULL,NULL,NULL,NULL
48177,NULL,NULL,NULL,NULL,NULL
22068,NULL,NULL,NULL,NULL,NULL
11222,NULL,NULL,NULL,NULL,NULL
89022,NULL,NULL,NULL,NULL,NULL
57308,NULL,NULL,NULL,NULL,NULL
97622,NULL,NULL,NULL,NULL,NULL
32733,NULL,NULL,NULL,NULL,NULL
1001,NULL,NULL,NULL,NULL,NULL
95162,NULL,NULL,NULL,NULL,NULL
67026,NULL,NULL,NULL,NULL,NULL
50771,NULL,NULL,NULL,NULL,NULL
48922,NULL,NULL,NULL,NULL,NULL
12768,NULL,NULL,NULL,NULL,NULL
43357,NULL,NULL,NULL,NULL,NULL
43509,NULL,NULL,NULL,NULL,NULL
80245,NULL,NULL,NULL,NULL,NULL
7763,NULL,NULL,NULL,NULL,NULL
27937,NULL,NULL,NULL,NULL,NULL
49033,NULL,NULL,NULL,NULL,NULL
59065,NULL,NULL,NULL,NULL,NULL
72549,NULL,NULL,NULL,NULL,NULL
67996,NULL,NULL,NULL,NULL,NULL
11430,NULL,NULL,NULL,NULL,NULL
19128,NULL,NULL,NULL,NULL,NULL
94951,NULL,NULL,NULL,NULL,NULL
45716,NULL,NULL,NULL,NULL,NULL
2775,NULL,NULL,NULL,NULL,NULL
30918,NULL,NULL,NULL,NULL,NULL
69284,NULL,NULL,NULL,NULL,NULL
71479,NULL,NULL,NULL,NULL,NULL
56217,NULL,NULL,NULL,NULL,NULL
66953,NULL,NULL,NULL,NULL,NULL
44497,NULL,NULL,NULL,NULL,NULL
18335,NULL,NULL,NULL,NULL,NULL
23017,NULL,NULL,NULL,NULL,NULL
59241,NULL,NULL,NULL,NULL,NULL
90580,NULL,NULL,NULL,NULL,NULL
36127,NULL,NULL,NULL,NULL,NULL
25127,NULL,NULL,NULL,NULL,NULL
61474,NULL,NULL,NULL,NULL,NULL
56205,NULL,NULL,NULL,NULL,NULL
27042,NULL,NULL,NULL,NULL,NULL
69892,NULL,NULL,NULL,NULL,NULL
98622,NULL,NULL,NULL,NULL,NULL
61081,NULL,NULL,NULL,NULL,NULL
6301,NULL,NULL,NULL,NULL,NULL
59185,NULL,NULL,NULL,NULL,NULL
92196,NULL,NULL,NULL,NULL,NULL
66000,NULL,NULL,NULL,NULL,NULL
16853,NULL,NULL,NULL,NULL,NULL
10363,NULL,NULL,NULL,NULL,NULL
16040,NULL,NULL,NULL,NULL,NULL
20431,NULL,NULL,NULL,NULL,NULL
96485,NULL,NULL,NULL,NULL,NULL
18512,NULL,NULL,NULL,NULL,NULL
68480,NULL,NULL,NULL,NULL,NULL
98,NULL,NULL,NULL,NULL,NULL
30745,NULL,NULL,NULL,NULL,NULL
53430,NULL,NULL,NULL,NULL,NULL
21890,NULL,NULL,NULL,NULL,NULL
73363,NULL,NULL,NULL,NULL,NULL
86341,NULL,NULL,NULL,NULL,NULL
65290,NULL,NULL,NULL,NULL,NULL
20309,NULL,NULL,NULL,NULL,NULL
65753,NULL,NULL,NULL,NULL,NULL
53694,NULL,NULL,NULL,NULL,NULL
58144,NULL,NULL,NULL,NULL,NULL
66258,NULL,NULL,NULL,NULL,NULL
7509,NULL,NULL,NULL,NULL,NULL
56762,NULL,NULL,NULL,NULL,NULL
64658,NULL,NULL,NULL,NULL,NULL
15727,NULL,NULL,NULL,NULL,NULL
63303,NULL,NULL,NULL,NULL,NULL
6938,NULL,NULL,NULL,NULL,NULL
73839,NULL,NULL,NULL,NULL,NULL
58765,NULL,NULL,NULL,NULL,NULL
11485,NULL,NULL,NULL,NULL,NULL
33230,NULL,NULL,NULL,NULL,NULL
79516,NULL,NULL,NULL,NULL,NULL
26310,NULL,NULL,NULL,NULL,NULL
93427,NULL,NULL,NULL,NULL,NULL
72225,NULL,NULL,NULL,NULL,NULL
24800,NULL,NULL,NULL,NULL,NULL
75066,NULL,NULL,NULL,NULL,NULL
95798,NULL,NULL,NULL,NULL,NULL
25273,NULL,NULL,NULL,NULL,NULL
71261,NULL,NULL,NULL,NULL,NULL
56939,NULL,NULL,NULL,NULL,NULL
12726,NULL,NULL,NULL,NULL,NULL
70249,NULL,NULL,NULL,NULL,NULL
61456,NULL,NULL,NULL,NULL,NULL
74163,NULL,NULL,NULL,NULL,NULL
88922,NULL,NULL,NULL,NULL,NULL
79214,NULL,NULL,NULL,NULL,NULL
92124,NULL,NULL,NULL,NULL,NULL
30708,NULL,NULL,NULL,NULL,NULL
25057,NULL,NULL,NULL,NULL,NULL
14240,NULL,NULL,NULL,NULL,NULL
81754,NULL,NULL,NULL,NULL,NULL
43117,NULL,NULL,NULL,NULL,NULL
91543,NULL,NULL,NULL,NULL,NULL
83322,NULL,NULL,NULL,NULL,NULL
85009,NULL,NULL,NULL,NULL,NULL
19601,NULL,NULL,NULL,NULL,NULL
26753,NULL,NULL,NULL,NULL,NULL
2721,NULL,NULL,NULL,NULL,NULL
32327,NULL,NULL,NULL,NULL,NULL
95007,NULL,NULL,NULL,NULL,NULL
84836,NULL,NULL,NULL,NULL,NULL
36459,NULL,NULL,NULL,NULL,NULL
98151,NULL,NULL,NULL,NULL,NULL
62006,NULL,NULL,NULL,NULL,NULL
7966,NULL,NULL,NULL,NULL,NULL
43448,NULL,NULL,NULL,NULL,NULL
96161,NULL,NULL,NULL,NULL,NULL
16457,NULL,NULL,NULL,NULL,NULL
9085,NULL,NULL,NULL,NULL,NULL
91176,NULL,NULL,NULL,NULL,NULL
14942,NULL,NULL,NULL,NULL,NULL
90086,NULL,NULL,NULL,NULL,NULL
60492,NULL,NULL,NULL,NULL,NULL
93437,NULL,NULL,NULL,NULL,NULL
62550,NULL,NULL,NULL,NULL,NULL
77482,NULL,NULL,NULL,NULL,NULL
17984,NULL,NULL,NULL,NULL,NULL
19278,NULL,NULL,NULL,NULL,NULL
85485,NULL,NULL,NULL,NULL,NULL
47780,NULL,NULL,NULL,NULL,NULL
40356,NULL,NULL,NULL,NULL,NULL
1973,NULL,NULL,NULL,NULL,NULL
81241,NULL,NULL,NULL,NULL,NULL
15676,NULL,NULL,NULL,NULL,NULL
2550,NULL,NULL,NULL,NULL,NULL
2284,NULL,NULL,NULL,NULL,NULL
85477,NULL,NULL,NULL,NULL,NULL
69886,NULL,NULL,NULL,NULL,NULL
16487,NULL,NULL,NULL,NULL,NULL
97115,NULL,NULL,NULL,NULL,NULL
92359,NULL,NULL,NULL,NULL,NULL
38728,NULL,NULL,NULL,NULL,NULL
3828,NULL,NULL,NULL,NULL,NULL
27891,NULL,NULL,NULL,NULL,NULL
63465,NULL,NULL,NULL,NULL,NULL
43690,NULL,NULL,NULL,NULL,NULL
48296,NULL,NULL,NULL,NULL,NULL
75048,NULL,NULL,NULL,NULL,NULL
83455,NULL,NULL,NULL,NULL,NULL
45745,NULL,NULL,NULL,NULL,NULL
65984,NULL,NULL,NULL,NULL,NULL
46251,NULL,NULL,NULL,NULL,NULL
91160,NULL,NULL,NULL,NULL,NULL
87421,NULL,NULL,NULL,NULL,NULL
91553,NULL,NULL,NULL,NULL,NULL
80105,NULL,NULL,NULL,NULL,NULL
80472,NULL,NULL,NULL,NULL,NULL
93280,NULL,NULL,NULL,NULL,NULL
5728,NULL,NULL,NULL,NULL,NULL
40054,NULL,NULL,NULL,NULL,NULL
10805,NULL,NULL,NULL,NULL,NULL
29430,NULL,NULL,NULL,NULL,NULL
18127,NULL,NULL,NULL,NULL,NULL
70700,NULL,NULL,NULL,NULL,NULL
29006,NULL,NULL,NULL,NULL,NULL
41679,NULL,NULL,NULL,NULL,NULL
38659,NULL,NULL,NULL,NULL,NULL
57133,NULL,NULL,NULL,NULL,NULL
64285,NULL,NULL,NULL,NULL,NULL
98189,NULL,NULL,NULL,NULL,NULL
20773,NULL,NULL,NULL,NULL,NULL
26782,NULL,NULL,NULL,NULL,NULL
86978,NULL,NULL,NULL,NULL,NULL
60685,NULL,NULL,NULL,NULL,NULL
22350,NULL,NULL,NULL,NULL,NULL
93610,NULL,NULL,NULL,NULL,NULL
85958,NULL,NULL,NULL,NULL,NULL
95391,NULL,NULL,NULL,NULL,NULL
72240,NULL,NULL,NULL,NULL,NULL
50072,NULL,NULL,NULL,NULL,NULL
27358,NULL,NULL,NULL,NULL,NULL
15006,NULL,NULL,NULL,NULL,NULL
97634,NULL,NULL,NULL,NULL,NULL
76707,NULL,NULL,NULL,NULL,NULL
33295,NULL,NULL,NULL,NULL,NULL
98173,NULL,NULL,NULL,NULL,NULL
28316,NULL,NULL,NULL,NULL,NULL
1845,NULL,NULL,NULL,NULL,NULL
311,NULL,NULL,NULL,NULL,NULL
27297,NULL,NULL,NULL,NULL,NULL
19853,NULL,NULL,NULL,NULL,NULL
4616,NULL,NULL,NULL,NULL,NULL
14245,NULL,NULL,NULL,NULL,NULL
40944,NULL,NULL,NULL,NULL,NULL
42090,NULL,NULL,NULL,NULL,NULL
9015,NULL,NULL,NULL,NULL,NULL
34203,NULL,NULL,NULL,NULL,NULL
32778,NULL,NULL,NULL,NULL,NULL
87852,NULL,NULL,NULL,NULL,NULL
16060,NULL,NULL,NULL,NULL,NULL
6554,NULL,NULL,NULL,NULL,NULL
41238,NULL,NULL,NULL,NULL,NULL
33561,NULL,NULL,NULL,NULL,NULL
68876,NULL,NULL,NULL,NULL,NULL
29969,NULL,NULL,NULL,NULL,NULL
19914,NULL,NULL,NULL,NULL,NULL
79405,NULL,NULL,NULL,NULL,NULL
82685,NULL,NULL,NULL,NULL,NULL
29895,NULL,NULL,NULL,NULL,NULL
49028,NULL,NULL,NULL,NULL,NULL
5739,NULL,NULL,NULL,NULL,NULL
2731,NULL,NULL,NULL,NULL,NULL
65824,NULL,NULL,NULL,NULL,NULL
79256,NULL,NULL,NULL,NULL,NULL
39795,NULL,NULL,NULL,NULL,NULL
34379,NULL,NULL,NULL,NULL,NULL
40781,NULL,NULL,NULL,NULL,NULL
53314,NULL,NULL,NULL,NULL,NULL
52562,NULL,NULL,NULL,NULL,NULL
88036,NULL,NULL,NULL,NULL,NULL
92271,NULL,NULL,NULL,NULL,NULL
14157,NULL,NULL,NULL,NULL,NULL
11764,NULL,NULL,NULL,NULL,NULL
13941,NULL,NULL,NULL,NULL,NULL
64853,NULL,NULL,NULL,NULL,NULL
34256,NULL,NULL,NULL,NULL,NULL
89654,NULL,NULL,NULL,NULL,NULL
20433,NULL,NULL,NULL,NULL,NULL
599,NULL,NULL,NULL,NULL,NULL
30500,NULL,NULL,NULL,NULL,NULL
82333,NULL,NULL,NULL,NULL,NULL
47848,NULL,NULL,NULL,NULL,NULL
63435,NULL,NULL,NULL,NULL,NULL
68679,NULL,NULL,NULL,NULL,NULL
10935,NULL,NULL,NULL,NULL,NULL
95478,NULL,NULL,NULL,NULL,NULL
35993,NULL,NULL,NULL,NULL,NULL
34380,NULL,NULL,NULL,NULL,NULL
90408,NULL,NULL,NULL,NULL,NULL
62138,NULL,NULL,NULL,NULL,NULL
74410,NULL,NULL,NULL,NULL,NULL
74415,NULL,NULL,NULL,NULL,NULL
81553,NULL,NULL,NULL,NULL,NULL
76511,NULL,NULL,NULL,NULL,NULL
56292,NULL,NULL,NULL,NULL,NULL
48762,NULL,NULL,NULL,NULL,NULL
57506,NULL,NULL,NULL,NULL,NULL
9051,NULL,NULL,NULL,NULL,NULL
99115,NULL,NULL,NULL,NULL,NULL
88935,NULL,NULL,NULL,NULL,NULL
15569,NULL,NULL,NULL,NULL,NULL
7496,NULL,NULL,NULL,NULL,NULL
93144,NULL,NULL,NULL,NULL,NULL
4246,NULL,NULL,NULL,NULL,NULL
60822,NULL,NULL,NULL,NULL,NULL
95753,NULL,NULL,NULL,NULL,NULL
85079,NULL,NULL,NULL,NULL,NULL
90920,NULL,NULL,NULL,NULL,NULL
97921,NULL,NULL,NULL,NULL,NULL
26776,NULL,NULL,NULL,NULL,NULL
49501,NULL,NULL,NULL,NULL,NULL
90438,NULL,NULL,NULL,NULL,NULL
90336,NULL,NULL,NULL,NULL,NULL
46483,NULL,NULL,NULL,NULL,NULL
75166,NULL,NULL,NULL,NULL,NULL
99098,NULL,NULL,NULL,NULL,NULL
23845,NULL,NULL,NULL,NULL,NULL
52170,NULL,NULL,NULL,NULL,NULL
42937,NULL,NULL,NULL,NULL,NULL
52929,NULL,NULL,NULL,NULL,NULL
79518,NULL,NULL,NULL,NULL,NULL
24570,NULL,NULL,NULL,NULL,NULL
99316,NULL,NULL,NULL,NULL,NULL
62139,NULL,NULL,NULL,NULL,NULL
30181,NULL,NULL,NULL,NULL,NULL
49195,NULL,NULL,NULL,NULL,NULL
70629,NULL,NULL,NULL,NULL,NULL
18504,NULL,NULL,NULL,NULL,NULL
52320,NULL,NULL,NULL,NULL,NULL
77653,NULL,NULL,NULL,NULL,NULL
306,NULL,NULL,NULL,NULL,NULL
60884,NULL,NULL,NULL,NULL,NULL
44836,NULL,NULL,NULL,NULL,NULL
50672,NULL,NULL,NULL,NULL,NULL
37842,NULL,NULL,NULL,NULL,NULL
93248,NULL,NULL,NULL,NULL,NULL
31618,NULL,NULL,NULL,NULL,NULL
34763,NULL,NULL,NULL,NULL,NULL
60887,NULL,NULL,NULL,NULL,NULL
67417,NULL,NULL,NULL,NULL,NULL
96607,NULL,NULL,NULL,NULL,NULL
47119,NULL,NULL,NULL,NULL,NULL
34723,NULL,NULL,NULL,NULL,NULL
46156,NULL,NULL,NULL,NULL,NULL
3958,NULL,NULL,NULL,NULL,NULL
29405,NULL,NULL,NULL,NULL,NULL
82119,NULL,NULL,NULL,NULL,NULL
75156,NULL,NULL,NULL,NULL,NULL
91850,NULL,NULL,NULL,NULL,NULL
26059,NULL,NULL,NULL,NULL,NULL
7289,NULL,NULL,NULL,NULL,NULL
30877,NULL,NULL,NULL,NULL,NULL
88779,NULL,NULL,NULL,NULL,NULL
94557,NULL,NULL,NULL,NULL,NULL
48277,NULL,NULL,NULL,NULL,NULL
18481,NULL,NULL,NULL,NULL,NULL
97121,NULL,NULL,NULL,NULL,NULL
9306,NULL,NULL,NULL,NULL,NULL
68875,NULL,NULL,NULL,NULL,NULL
37315,NULL,NULL,NULL,NULL,NULL
95384,NULL,NULL,NULL,NULL,NULL
20128,NULL,NULL,NULL,NULL,NULL
14222,NULL,NULL,NULL,NULL,NULL
69122,NULL,NULL,NULL,NULL,NULL
96832,NULL,NULL,NULL,NULL,NULL
34424,NULL,NULL,NULL,NULL,NULL
47149,NULL,NULL,NULL,NULL,NULL
21420,NULL,NULL,NULL,NULL,NULL
753,NULL,NULL,NULL,NULL,NULL
34113,NULL,NULL,NULL,NULL,NULL
9813,NULL,NULL,NULL,NULL,NULL
80827,NULL,NULL,NULL,NULL,NULL
6092,NULL,NULL,NULL,NULL,NULL
25889,NULL,NULL,NULL,NULL,NULL
78686,NULL,NULL,NULL,NULL,NULL
4912,NULL,NULL,NULL,NULL,NULL
62274,NULL,NULL,NULL,NULL,NULL
19387,NULL,NULL,NULL,NULL,NULL
14187,NULL,NULL,NULL,NULL,NULL
6242,NULL,NULL,NULL,NULL,NULL
26056,NULL,NULL,NULL,NULL,NULL
80018,NULL,NULL,NULL,NULL,NULL
29328,NULL,NULL,NULL,NULL,NULL
93251,NULL,NULL,NULL,NULL,NULL
72178,NULL,NULL,NULL,NULL,NULL
42043,NULL,NULL,NULL,NULL,NULL
57281,NULL,NULL,NULL,NULL,NULL
32088,NULL,NULL,NULL,NULL,NULL
73265,NULL,NULL,NULL,NULL,NULL
85196,NULL,NULL,NULL,NULL,NULL
54723,NULL,NULL,NULL,NULL,NULL
91059,NULL,NULL,NULL,NULL,NULL
56346,NULL,NULL,NULL,NULL,NULL
19162,NULL,NULL,NULL,NULL,NULL
43430,NULL,NULL,NULL,NULL,NULL
46400,NULL,NULL,NULL,NULL,NULL
82755,NULL,NULL,NULL,NULL,NULL
70545,NULL,NULL,NULL,NULL,NULL
79687,NULL,NULL,NULL,NULL,NULL
80452,NULL,NULL,NULL,NULL,NULL
17829,NULL,NULL,NULL,NULL,NULL
80883,NULL,NULL,NULL,NULL,NULL
99551,NULL,NULL,NULL,NULL,NULL
58502,NULL,NULL,NULL,NULL,NULL
96328,NULL,NULL,NULL,NULL,NULL
97167,NULL,NULL,NULL,NULL,NULL
92738,NULL,NULL,NULL,NULL,NULL
57922,NULL,NULL,NULL,NULL,NULL
69996,NULL,NULL,NULL,NULL,NULL
30930,NULL,NULL,NULL,NULL,NULL
3014,NULL,NULL,NULL,NULL,NULL
85573,NULL,NULL,NULL,NULL,NULL
99844,NULL,NULL,NULL,NULL,NULL
7632,NULL,NULL,NULL,NULL,NULL
42176,NULL,NULL,NULL,NULL,NULL
75043,NULL,NULL,NULL,NULL,NULL
58308,NULL,NULL,NULL,NULL,NULL
49839,NULL,NULL,NULL,NULL,NULL
42871,NULL,NULL,NULL,NULL,NULL
65303,NULL,NULL,NULL,NULL,NULL
16114,NULL,NULL,NULL,NULL,NULL
83534,NULL,NULL,NULL,NULL,NULL
31575,NULL,NULL,NULL,NULL,NULL
4027,NULL,NULL,NULL,NULL,NULL
91483,NULL,NULL,NULL,NULL,NULL
33421,NULL,NULL,NULL,NULL,NULL
79748,NULL,NULL,NULL,NULL,NULL
56513,NULL,NULL,NULL,NULL,NULL
49441,NULL,NULL,NULL,NULL,NULL
46125,NULL,NULL,NULL,NULL,NULL
87316,NULL,NULL,NULL,NULL,NULL
34116,NULL,NULL,NULL,NULL,NULL
63110,NULL,NULL,NULL,NULL,NULL
33926,NULL,NULL,NULL,NULL,NULL
72027,NULL,NULL,NULL,NULL,NULL
37396,NULL,NULL,NULL,NULL,NULL
36389,NULL,NULL,NULL,NULL,NULL
63653,NULL,NULL,NULL,NULL,NULL
60952,NULL,NULL,NULL,NULL,NULL
4958,NULL,NULL,NULL,NULL,NULL
25540,NULL,NULL,NULL,NULL,NULL
8754,NULL,NULL,NULL,NULL,NULL
65064,NULL,NULL,NULL,NULL,NULL
65416,NULL,NULL,NULL,NULL,NULL
86333,NULL,NULL,NULL,NULL,NULL
91332,NULL,NULL,NULL,NULL,NULL
30021,NULL,NULL,NULL,NULL,NULL
34144,NULL,NULL,NULL,NULL,NULL
53326,NULL,NULL,NULL,NULL,NULL
59179,NULL,NULL,NULL,NULL,NULL
55742,NULL,NULL,NULL,NULL,NULL
51031,NULL,NULL,NULL,NULL,NULL
95417,NULL,NULL,NULL,NULL,NULL
70064,NULL,NULL,NULL,NULL,NULL
