"location_id","address_1","address_2","city","state","zip","county","location_source_value","country_concept_id","country_source_value","latitude","longitude"
3506359,NULL,NULL,"3506359","35",NULL,NULL,"3506359",NULL,NULL,NULL,NULL
4219309,NULL,NULL,"4219309","42",NULL,NULL,"4219309",NULL,NULL,NULL,NULL
2300705,NULL,NULL,"2300705","23",NULL,NULL,"2300705",NULL,NULL,NULL,NULL
3516309,NULL,NULL,"3516309","35",NULL,NULL,"3516309",NULL,NULL,NULL,NULL
2903805,NULL,NULL,"2903805","29",NULL,NULL,"2903805",NULL,NULL,NULL,NULL
4108205,NULL,NULL,"4108205","41",NULL,NULL,"4108205",NULL,NULL,NULL,NULL
3521200,NULL,NULL,"3521200","35",NULL,NULL,"3521200",NULL,NULL,NULL,NULL
3532801,NULL,NULL,"3532801","35",NULL,NULL,"3532801",NULL,NULL,NULL,NULL
2501807,NULL,NULL,"2501807","25",NULL,NULL,"2501807",NULL,NULL,NULL,NULL
2911402,NULL,NULL,"2911402","29",NULL,NULL,"2911402",NULL,NULL,NULL,NULL
5211305,NULL,NULL,"5211305","52",NULL,NULL,"5211305",NULL,NULL,NULL,NULL
3523800,NULL,NULL,"3523800","35",NULL,NULL,"3523800",NULL,NULL,NULL,NULL
2108306,NULL,NULL,"2108306","21",NULL,NULL,"2108306",NULL,NULL,NULL,NULL
3114402,NULL,NULL,"3114402","31",NULL,NULL,"3114402",NULL,NULL,NULL,NULL
2414753,NULL,NULL,"2414753","24",NULL,NULL,"2414753",NULL,NULL,NULL,NULL
3125952,NULL,NULL,"3125952","31",NULL,NULL,"3125952",NULL,NULL,NULL,NULL
3506201,NULL,NULL,"3506201","35",NULL,NULL,"3506201",NULL,NULL,NULL,NULL
2907400,NULL,NULL,"2907400","29",NULL,NULL,"2907400",NULL,NULL,NULL,NULL
2800506,NULL,NULL,"2800506","28",NULL,NULL,"2800506",NULL,NULL,NULL,NULL
4210035,NULL,NULL,"4210035","42",NULL,NULL,"4210035",NULL,NULL,NULL,NULL
4101200,NULL,NULL,"4101200","41",NULL,NULL,"4101200",NULL,NULL,NULL,NULL
3532504,NULL,NULL,"3532504","35",NULL,NULL,"3532504",NULL,NULL,NULL,NULL
3119609,NULL,NULL,"3119609","31",NULL,NULL,"3119609",NULL,NULL,NULL,NULL
4201000,NULL,NULL,"4201000","42",NULL,NULL,"4201000",NULL,NULL,NULL,NULL
2912103,NULL,NULL,"2912103","29",NULL,NULL,"2912103",NULL,NULL,NULL,NULL
4300661,NULL,NULL,"4300661","43",NULL,NULL,"4300661",NULL,NULL,NULL,NULL
4323804,NULL,NULL,"4323804","43",NULL,NULL,"4323804",NULL,NULL,NULL,NULL
2500734,NULL,NULL,"2500734","25",NULL,NULL,"2500734",NULL,NULL,NULL,NULL
3129400,NULL,NULL,"3129400","31",NULL,NULL,"3129400",NULL,NULL,NULL,NULL
5218805,NULL,NULL,"5218805","52",NULL,NULL,"5218805",NULL,NULL,NULL,NULL
4310850,NULL,NULL,"4310850","43",NULL,NULL,"4310850",NULL,NULL,NULL,NULL
4124004,NULL,NULL,"4124004","41",NULL,NULL,"4124004",NULL,NULL,NULL,NULL
1501758,NULL,NULL,"1501758","15",NULL,NULL,"1501758",NULL,NULL,NULL,NULL
4125407,NULL,NULL,"4125407","41",NULL,NULL,"4125407",NULL,NULL,NULL,NULL
3531001,NULL,NULL,"3531001","35",NULL,NULL,"3531001",NULL,NULL,NULL,NULL
2600500,NULL,NULL,"2600500","26",NULL,NULL,"2600500",NULL,NULL,NULL,NULL
4104428,NULL,NULL,"4104428","41",NULL,NULL,"4104428",NULL,NULL,NULL,NULL
2901007,NULL,NULL,"2901007","29",NULL,NULL,"2901007",NULL,NULL,NULL,NULL
4207858,NULL,NULL,"4207858","42",NULL,NULL,"4207858",NULL,NULL,NULL,NULL
3556453,NULL,NULL,"3556453","35",NULL,NULL,"3556453",NULL,NULL,NULL,NULL
1101104,NULL,NULL,"1101104","11",NULL,NULL,"1101104",NULL,NULL,NULL,NULL
4313201,NULL,NULL,"4313201","43",NULL,NULL,"4313201",NULL,NULL,NULL,NULL
2203008,NULL,NULL,"2203008","22",NULL,NULL,"2203008",NULL,NULL,NULL,NULL
3114303,NULL,NULL,"3114303","31",NULL,NULL,"3114303",NULL,NULL,NULL,NULL
3121704,NULL,NULL,"3121704","31",NULL,NULL,"3121704",NULL,NULL,NULL,NULL
2110039,NULL,NULL,"2110039","21",NULL,NULL,"2110039",NULL,NULL,NULL,NULL
3130804,NULL,NULL,"3130804","31",NULL,NULL,"3130804",NULL,NULL,NULL,NULL
5006408,NULL,NULL,"5006408","50",NULL,NULL,"5006408",NULL,NULL,NULL,NULL
3556354,NULL,NULL,"3556354","35",NULL,NULL,"3556354",NULL,NULL,NULL,NULL
1503093,NULL,NULL,"1503093","15",NULL,NULL,"1503093",NULL,NULL,NULL,NULL
1501956,NULL,NULL,"1501956","15",NULL,NULL,"1501956",NULL,NULL,NULL,NULL
3107109,NULL,NULL,"3107109","31",NULL,NULL,"3107109",NULL,NULL,NULL,NULL
4304713,NULL,NULL,"4304713","43",NULL,NULL,"4304713",NULL,NULL,NULL,NULL
1710904,NULL,NULL,"1710904","17",NULL,NULL,"1710904",NULL,NULL,NULL,NULL
3531506,NULL,NULL,"3531506","35",NULL,NULL,"3531506",NULL,NULL,NULL,NULL
2206506,NULL,NULL,"2206506","22",NULL,NULL,"2206506",NULL,NULL,NULL,NULL
2400505,NULL,NULL,"2400505","24",NULL,NULL,"2400505",NULL,NULL,NULL,NULL
3129608,NULL,NULL,"3129608","31",NULL,NULL,"3129608",NULL,NULL,NULL,NULL
5005004,NULL,NULL,"5005004","50",NULL,NULL,"5005004",NULL,NULL,NULL,NULL
2210300,NULL,NULL,"2210300","22",NULL,NULL,"2210300",NULL,NULL,NULL,NULL
2708956,NULL,NULL,"2708956","27",NULL,NULL,"2708956",NULL,NULL,NULL,NULL
2210383,NULL,NULL,"2210383","22",NULL,NULL,"2210383",NULL,NULL,NULL,NULL
4306700,NULL,NULL,"4306700","43",NULL,NULL,"4306700",NULL,NULL,NULL,NULL
4302501,NULL,NULL,"4302501","43",NULL,NULL,"4302501",NULL,NULL,NULL,NULL
4200754,NULL,NULL,"4200754","42",NULL,NULL,"4200754",NULL,NULL,NULL,NULL
4321857,NULL,NULL,"4321857","43",NULL,NULL,"4321857",NULL,NULL,NULL,NULL
3531803,NULL,NULL,"3531803","35",NULL,NULL,"3531803",NULL,NULL,NULL,NULL
2922003,NULL,NULL,"2922003","29",NULL,NULL,"2922003",NULL,NULL,NULL,NULL
5211602,NULL,NULL,"5211602","52",NULL,NULL,"5211602",NULL,NULL,NULL,NULL
4309803,NULL,NULL,"4309803","43",NULL,NULL,"4309803",NULL,NULL,NULL,NULL
3301009,NULL,NULL,"3301009","33",NULL,NULL,"3301009",NULL,NULL,NULL,NULL
4218400,NULL,NULL,"4218400","42",NULL,NULL,"4218400",NULL,NULL,NULL,NULL
2919207,NULL,NULL,"2919207","29",NULL,NULL,"2919207",NULL,NULL,NULL,NULL
5214101,NULL,NULL,"5214101","52",NULL,NULL,"5214101",NULL,NULL,NULL,NULL
4110607,NULL,NULL,"4110607","41",NULL,NULL,"4110607",NULL,NULL,NULL,NULL
4314035,NULL,NULL,"4314035","43",NULL,NULL,"4314035",NULL,NULL,NULL,NULL
3170909,NULL,NULL,"3170909","31",NULL,NULL,"3170909",NULL,NULL,NULL,NULL
3548906,NULL,NULL,"3548906","35",NULL,NULL,"3548906",NULL,NULL,NULL,NULL
3150604,NULL,NULL,"3150604","31",NULL,NULL,"3150604",NULL,NULL,NULL,NULL
4214706,NULL,NULL,"4214706","42",NULL,NULL,"4214706",NULL,NULL,NULL,NULL
2300754,NULL,NULL,"2300754","23",NULL,NULL,"2300754",NULL,NULL,NULL,NULL
4125902,NULL,NULL,"4125902","41",NULL,NULL,"4125902",NULL,NULL,NULL,NULL
4101200,NULL,NULL,"4101200","41",NULL,NULL,"4101200",NULL,NULL,NULL,NULL
1506351,NULL,NULL,"1506351","15",NULL,NULL,"1506351",NULL,NULL,NULL,NULL
3203007,NULL,NULL,"3203007","32",NULL,NULL,"3203007",NULL,NULL,NULL,NULL
4109302,NULL,NULL,"4109302","41",NULL,NULL,"4109302",NULL,NULL,NULL,NULL
4306304,NULL,NULL,"4306304","43",NULL,NULL,"4306304",NULL,NULL,NULL,NULL
3557204,NULL,NULL,"3557204","35",NULL,NULL,"3557204",NULL,NULL,NULL,NULL
2904308,NULL,NULL,"2904308","29",NULL,NULL,"2904308",NULL,NULL,NULL,NULL
2509206,NULL,NULL,"2509206","25",NULL,NULL,"2509206",NULL,NULL,NULL,NULL
3149606,NULL,NULL,"3149606","31",NULL,NULL,"3149606",NULL,NULL,NULL,NULL
3161056,NULL,NULL,"3161056","31",NULL,NULL,"3161056",NULL,NULL,NULL,NULL
3125408,NULL,NULL,"3125408","31",NULL,NULL,"3125408",NULL,NULL,NULL,NULL
2406403,NULL,NULL,"2406403","24",NULL,NULL,"2406403",NULL,NULL,NULL,NULL
2600500,NULL,NULL,"2600500","26",NULL,NULL,"2600500",NULL,NULL,NULL,NULL
2920700,NULL,NULL,"2920700","29",NULL,NULL,"2920700",NULL,NULL,NULL,NULL
3203809,NULL,NULL,"3203809","32",NULL,NULL,"3203809",NULL,NULL,NULL,NULL
2908309,NULL,NULL,"2908309","29",NULL,NULL,"2908309",NULL,NULL,NULL,NULL
3113107,NULL,NULL,"3113107","31",NULL,NULL,"3113107",NULL,NULL,NULL,NULL
2205573,NULL,NULL,"2205573","22",NULL,NULL,"2205573",NULL,NULL,NULL,NULL
2912202,NULL,NULL,"2912202","29",NULL,NULL,"2912202",NULL,NULL,NULL,NULL
4125001,NULL,NULL,"4125001","41",NULL,NULL,"4125001",NULL,NULL,NULL,NULL
2414456,NULL,NULL,"2414456","24",NULL,NULL,"2414456",NULL,NULL,NULL,NULL
4200705,NULL,NULL,"4200705","42",NULL,NULL,"4200705",NULL,NULL,NULL,NULL
4116604,NULL,NULL,"4116604","41",NULL,NULL,"4116604",NULL,NULL,NULL,NULL
5209952,NULL,NULL,"5209952","52",NULL,NULL,"5209952",NULL,NULL,NULL,NULL
5201702,NULL,NULL,"5201702","52",NULL,NULL,"5201702",NULL,NULL,NULL,NULL
3149804,NULL,NULL,"3149804","31",NULL,NULL,"3149804",NULL,NULL,NULL,NULL
3532702,NULL,NULL,"3532702","35",NULL,NULL,"3532702",NULL,NULL,NULL,NULL
3143807,NULL,NULL,"3143807","31",NULL,NULL,"3143807",NULL,NULL,NULL,NULL
3139102,NULL,NULL,"3139102","31",NULL,NULL,"3139102",NULL,NULL,NULL,NULL
2412203,NULL,NULL,"2412203","24",NULL,NULL,"2412203",NULL,NULL,NULL,NULL
2407401,NULL,NULL,"2407401","24",NULL,NULL,"2407401",NULL,NULL,NULL,NULL
5222302,NULL,NULL,"5222302","52",NULL,NULL,"5222302",NULL,NULL,NULL,NULL
3513009,NULL,NULL,"3513009","35",NULL,NULL,"3513009",NULL,NULL,NULL,NULL
4109005,NULL,NULL,"4109005","41",NULL,NULL,"4109005",NULL,NULL,NULL,NULL
3203346,NULL,NULL,"3203346","32",NULL,NULL,"3203346",NULL,NULL,NULL,NULL
2101004,NULL,NULL,"2101004","21",NULL,NULL,"2101004",NULL,NULL,NULL,NULL
5220280,NULL,NULL,"5220280","52",NULL,NULL,"5220280",NULL,NULL,NULL,NULL
1503408,NULL,NULL,"1503408","15",NULL,NULL,"1503408",NULL,NULL,NULL,NULL
3301850,NULL,NULL,"3301850","33",NULL,NULL,"3301850",NULL,NULL,NULL,NULL
5212907,NULL,NULL,"5212907","52",NULL,NULL,"5212907",NULL,NULL,NULL,NULL
3537602,NULL,NULL,"3537602","35",NULL,NULL,"3537602",NULL,NULL,NULL,NULL
3507209,NULL,NULL,"3507209","35",NULL,NULL,"3507209",NULL,NULL,NULL,NULL
2205953,NULL,NULL,"2205953","22",NULL,NULL,"2205953",NULL,NULL,NULL,NULL
3551207,NULL,NULL,"3551207","35",NULL,NULL,"3551207",NULL,NULL,NULL,NULL
2504900,NULL,NULL,"2504900","25",NULL,NULL,"2504900",NULL,NULL,NULL,NULL
3152006,NULL,NULL,"3152006","31",NULL,NULL,"3152006",NULL,NULL,NULL,NULL
1303205,NULL,NULL,"1303205","13",NULL,NULL,"1303205",NULL,NULL,NULL,NULL
2409407,NULL,NULL,"2409407","24",NULL,NULL,"2409407",NULL,NULL,NULL,NULL
3553807,NULL,NULL,"3553807","35",NULL,NULL,"3553807",NULL,NULL,NULL,NULL
4202073,NULL,NULL,"4202073","42",NULL,NULL,"4202073",NULL,NULL,NULL,NULL
3528007,NULL,NULL,"3528007","35",NULL,NULL,"3528007",NULL,NULL,NULL,NULL
3114303,NULL,NULL,"3114303","31",NULL,NULL,"3114303",NULL,NULL,NULL,NULL
2922904,NULL,NULL,"2922904","29",NULL,NULL,"2922904",NULL,NULL,NULL,NULL
3505708,NULL,NULL,"3505708","35",NULL,NULL,"3505708",NULL,NULL,NULL,NULL
2413904,NULL,NULL,"2413904","24",NULL,NULL,"2413904",NULL,NULL,NULL,NULL
4313656,NULL,NULL,"4313656","43",NULL,NULL,"4313656",NULL,NULL,NULL,NULL
3539301,NULL,NULL,"3539301","35",NULL,NULL,"3539301",NULL,NULL,NULL,NULL
4123204,NULL,NULL,"4123204","41",NULL,NULL,"4123204",NULL,NULL,NULL,NULL
2313559,NULL,NULL,"2313559","23",NULL,NULL,"2313559",NULL,NULL,NULL,NULL
3140407,NULL,NULL,"3140407","31",NULL,NULL,"3140407",NULL,NULL,NULL,NULL
2505352,NULL,NULL,"2505352","25",NULL,NULL,"2505352",NULL,NULL,NULL,NULL
2201606,NULL,NULL,"2201606","22",NULL,NULL,"2201606",NULL,NULL,NULL,NULL
2509008,NULL,NULL,"2509008","25",NULL,NULL,"2509008",NULL,NULL,NULL,NULL
2102077,NULL,NULL,"2102077","21",NULL,NULL,"2102077",NULL,NULL,NULL,NULL
3135100,NULL,NULL,"3135100","31",NULL,NULL,"3135100",NULL,NULL,NULL,NULL
1711506,NULL,NULL,"1711506","17",NULL,NULL,"1711506",NULL,NULL,NULL,NULL
2413300,NULL,NULL,"2413300","24",NULL,NULL,"2413300",NULL,NULL,NULL,NULL
3537701,NULL,NULL,"3537701","35",NULL,NULL,"3537701",NULL,NULL,NULL,NULL
2700508,NULL,NULL,"2700508","27",NULL,NULL,"2700508",NULL,NULL,NULL,NULL
2911402,NULL,NULL,"2911402","29",NULL,NULL,"2911402",NULL,NULL,NULL,NULL
2102903,NULL,NULL,"2102903","21",NULL,NULL,"2102903",NULL,NULL,NULL,NULL
5106653,NULL,NULL,"5106653","51",NULL,NULL,"5106653",NULL,NULL,NULL,NULL
3124500,NULL,NULL,"3124500","31",NULL,NULL,"3124500",NULL,NULL,NULL,NULL
5108808,NULL,NULL,"5108808","51",NULL,NULL,"5108808",NULL,NULL,NULL,NULL
4308805,NULL,NULL,"4308805","43",NULL,NULL,"4308805",NULL,NULL,NULL,NULL
3517703,NULL,NULL,"3517703","35",NULL,NULL,"3517703",NULL,NULL,NULL,NULL
4309704,NULL,NULL,"4309704","43",NULL,NULL,"4309704",NULL,NULL,NULL,NULL
4115804,NULL,NULL,"4115804","41",NULL,NULL,"4115804",NULL,NULL,NULL,NULL
3151305,NULL,NULL,"3151305","31",NULL,NULL,"3151305",NULL,NULL,NULL,NULL
5007976,NULL,NULL,"5007976","50",NULL,NULL,"5007976",NULL,NULL,NULL,NULL
4300661,NULL,NULL,"4300661","43",NULL,NULL,"4300661",NULL,NULL,NULL,NULL
4112405,NULL,NULL,"4112405","41",NULL,NULL,"4112405",NULL,NULL,NULL,NULL
2210359,NULL,NULL,"2210359","22",NULL,NULL,"2210359",NULL,NULL,NULL,NULL
2931400,NULL,NULL,"2931400","29",NULL,NULL,"2931400",NULL,NULL,NULL,NULL
1714302,NULL,NULL,"1714302","17",NULL,NULL,"1714302",NULL,NULL,NULL,NULL
2913457,NULL,NULL,"2913457","29",NULL,NULL,"2913457",NULL,NULL,NULL,NULL
2515104,NULL,NULL,"2515104","25",NULL,NULL,"2515104",NULL,NULL,NULL,NULL
3539707,NULL,NULL,"3539707","35",NULL,NULL,"3539707",NULL,NULL,NULL,NULL
3144003,NULL,NULL,"3144003","31",NULL,NULL,"3144003",NULL,NULL,NULL,NULL
2100105,NULL,NULL,"2100105","21",NULL,NULL,"2100105",NULL,NULL,NULL,NULL
3142502,NULL,NULL,"3142502","31",NULL,NULL,"3142502",NULL,NULL,NULL,NULL
2515708,NULL,NULL,"2515708","25",NULL,NULL,"2515708",NULL,NULL,NULL,NULL
3551603,NULL,NULL,"3551603","35",NULL,NULL,"3551603",NULL,NULL,NULL,NULL
2105401,NULL,NULL,"2105401","21",NULL,NULL,"2105401",NULL,NULL,NULL,NULL
2516904,NULL,NULL,"2516904","25",NULL,NULL,"2516904",NULL,NULL,NULL,NULL
2516003,NULL,NULL,"2516003","25",NULL,NULL,"2516003",NULL,NULL,NULL,NULL
5106851,NULL,NULL,"5106851","51",NULL,NULL,"5106851",NULL,NULL,NULL,NULL
5208509,NULL,NULL,"5208509","52",NULL,NULL,"5208509",NULL,NULL,NULL,NULL
2911303,NULL,NULL,"2911303","29",NULL,NULL,"2911303",NULL,NULL,NULL,NULL
4317103,NULL,NULL,"4317103","43",NULL,NULL,"4317103",NULL,NULL,NULL,NULL
2611309,NULL,NULL,"2611309","26",NULL,NULL,"2611309",NULL,NULL,NULL,NULL
3536703,NULL,NULL,"3536703","35",NULL,NULL,"3536703",NULL,NULL,NULL,NULL
2612604,NULL,NULL,"2612604","26",NULL,NULL,"2612604",NULL,NULL,NULL,NULL
2306702,NULL,NULL,"2306702","23",NULL,NULL,"2306702",NULL,NULL,NULL,NULL
3119807,NULL,NULL,"3119807","31",NULL,NULL,"3119807",NULL,NULL,NULL,NULL
4314159,NULL,NULL,"4314159","43",NULL,NULL,"4314159",NULL,NULL,NULL,NULL
2902906,NULL,NULL,"2902906","29",NULL,NULL,"2902906",NULL,NULL,NULL,NULL
3126752,NULL,NULL,"3126752","31",NULL,NULL,"3126752",NULL,NULL,NULL,NULL
2502508,NULL,NULL,"2502508","25",NULL,NULL,"2502508",NULL,NULL,NULL,NULL
4311304,NULL,NULL,"4311304","43",NULL,NULL,"4311304",NULL,NULL,NULL,NULL
4321857,NULL,NULL,"4321857","43",NULL,NULL,"4321857",NULL,NULL,NULL,NULL
2909604,NULL,NULL,"2909604","29",NULL,NULL,"2909604",NULL,NULL,NULL,NULL
3300407,NULL,NULL,"3300407","33",NULL,NULL,"3300407",NULL,NULL,NULL,NULL
3554904,NULL,NULL,"3554904","35",NULL,NULL,"3554904",NULL,NULL,NULL,NULL
3305158,NULL,NULL,"3305158","33",NULL,NULL,"3305158",NULL,NULL,NULL,NULL
2504074,NULL,NULL,"2504074","25",NULL,NULL,"2504074",NULL,NULL,NULL,NULL
2204808,NULL,NULL,"2204808","22",NULL,NULL,"2204808",NULL,NULL,NULL,NULL
2604155,NULL,NULL,"2604155","26",NULL,NULL,"2604155",NULL,NULL,NULL,NULL
4315404,NULL,NULL,"4315404","43",NULL,NULL,"4315404",NULL,NULL,NULL,NULL
4202107,NULL,NULL,"4202107","42",NULL,NULL,"4202107",NULL,NULL,NULL,NULL
3534104,NULL,NULL,"3534104","35",NULL,NULL,"3534104",NULL,NULL,NULL,NULL
5210307,NULL,NULL,"5210307","52",NULL,NULL,"5210307",NULL,NULL,NULL,NULL
3520905,NULL,NULL,"3520905","35",NULL,NULL,"3520905",NULL,NULL,NULL,NULL
4200507,NULL,NULL,"4200507","42",NULL,NULL,"4200507",NULL,NULL,NULL,NULL
5203559,NULL,NULL,"5203559","52",NULL,NULL,"5203559",NULL,NULL,NULL,NULL
2925253,NULL,NULL,"2925253","29",NULL,NULL,"2925253",NULL,NULL,NULL,NULL
2806602,NULL,NULL,"2806602","28",NULL,NULL,"2806602",NULL,NULL,NULL,NULL
2928950,NULL,NULL,"2928950","29",NULL,NULL,"2928950",NULL,NULL,NULL,NULL
3165602,NULL,NULL,"3165602","31",NULL,NULL,"3165602",NULL,NULL,NULL,NULL
4117503,NULL,NULL,"4117503","41",NULL,NULL,"4117503",NULL,NULL,NULL,NULL
3302106,NULL,NULL,"3302106","33",NULL,NULL,"3302106",NULL,NULL,NULL,NULL
2917102,NULL,NULL,"2917102","29",NULL,NULL,"2917102",NULL,NULL,NULL,NULL
1508100,NULL,NULL,"1508100","15",NULL,NULL,"1508100",NULL,NULL,NULL,NULL
3548302,NULL,NULL,"3548302","35",NULL,NULL,"3548302",NULL,NULL,NULL,NULL
3131406,NULL,NULL,"3131406","31",NULL,NULL,"3131406",NULL,NULL,NULL,NULL
3163508,NULL,NULL,"3163508","31",NULL,NULL,"3163508",NULL,NULL,NULL,NULL
4119004,NULL,NULL,"4119004","41",NULL,NULL,"4119004",NULL,NULL,NULL,NULL
2931202,NULL,NULL,"2931202","29",NULL,NULL,"2931202",NULL,NULL,NULL,NULL
3503208,NULL,NULL,"3503208","35",NULL,NULL,"3503208",NULL,NULL,NULL,NULL
3144201,NULL,NULL,"3144201","31",NULL,NULL,"3144201",NULL,NULL,NULL,NULL
3139904,NULL,NULL,"3139904","31",NULL,NULL,"3139904",NULL,NULL,NULL,NULL
2914307,NULL,NULL,"2914307","29",NULL,NULL,"2914307",NULL,NULL,NULL,NULL
4304622,NULL,NULL,"4304622","43",NULL,NULL,"4304622",NULL,NULL,NULL,NULL
3154606,NULL,NULL,"3154606","31",NULL,NULL,"3154606",NULL,NULL,NULL,NULL
3122504,NULL,NULL,"3122504","31",NULL,NULL,"3122504",NULL,NULL,NULL,NULL
2403707,NULL,NULL,"2403707","24",NULL,NULL,"2403707",NULL,NULL,NULL,NULL
2926806,NULL,NULL,"2926806","29",NULL,NULL,"2926806",NULL,NULL,NULL,NULL
3201100,NULL,NULL,"3201100","32",NULL,NULL,"3201100",NULL,NULL,NULL,NULL
4213500,NULL,NULL,"4213500","42",NULL,NULL,"4213500",NULL,NULL,NULL,NULL
5000856,NULL,NULL,"5000856","50",NULL,NULL,"5000856",NULL,NULL,NULL,NULL
1721307,NULL,NULL,"1721307","17",NULL,NULL,"1721307",NULL,NULL,NULL,NULL
1711951,NULL,NULL,"1711951","17",NULL,NULL,"1711951",NULL,NULL,NULL,NULL
1720309,NULL,NULL,"1720309","17",NULL,NULL,"1720309",NULL,NULL,NULL,NULL
4106902,NULL,NULL,"4106902","41",NULL,NULL,"4106902",NULL,NULL,NULL,NULL
2301505,NULL,NULL,"2301505","23",NULL,NULL,"2301505",NULL,NULL,NULL,NULL
3153103,NULL,NULL,"3153103","31",NULL,NULL,"3153103",NULL,NULL,NULL,NULL
3545506,NULL,NULL,"3545506","35",NULL,NULL,"3545506",NULL,NULL,NULL,NULL
3544707,NULL,NULL,"3544707","35",NULL,NULL,"3544707",NULL,NULL,NULL,NULL
3132008,NULL,NULL,"3132008","31",NULL,NULL,"3132008",NULL,NULL,NULL,NULL
3528304,NULL,NULL,"3528304","35",NULL,NULL,"3528304",NULL,NULL,NULL,NULL
2501005,NULL,NULL,"2501005","25",NULL,NULL,"2501005",NULL,NULL,NULL,NULL
4307203,NULL,NULL,"4307203","43",NULL,NULL,"4307203",NULL,NULL,NULL,NULL
4122602,NULL,NULL,"4122602","41",NULL,NULL,"4122602",NULL,NULL,NULL,NULL
3203163,NULL,NULL,"3203163","32",NULL,NULL,"3203163",NULL,NULL,NULL,NULL
3536109,NULL,NULL,"3536109","35",NULL,NULL,"3536109",NULL,NULL,NULL,NULL
5007554,NULL,NULL,"5007554","50",NULL,NULL,"5007554",NULL,NULL,NULL,NULL
4103156,NULL,NULL,"4103156","41",NULL,NULL,"4103156",NULL,NULL,NULL,NULL
3500709,NULL,NULL,"3500709","35",NULL,NULL,"3500709",NULL,NULL,NULL,NULL
3513702,NULL,NULL,"3513702","35",NULL,NULL,"3513702",NULL,NULL,NULL,NULL
4313011,NULL,NULL,"4313011","43",NULL,NULL,"4313011",NULL,NULL,NULL,NULL
3554953,NULL,NULL,"3554953","35",NULL,NULL,"3554953",NULL,NULL,NULL,NULL
3120839,NULL,NULL,"3120839","31",NULL,NULL,"3120839",NULL,NULL,NULL,NULL
2207702,NULL,NULL,"2207702","22",NULL,NULL,"2207702",NULL,NULL,NULL,NULL
2311306,NULL,NULL,"2311306","23",NULL,NULL,"2311306",NULL,NULL,NULL,NULL
3518206,NULL,NULL,"3518206","35",NULL,NULL,"3518206",NULL,NULL,NULL,NULL
2204550,NULL,NULL,"2204550","22",NULL,NULL,"2204550",NULL,NULL,NULL,NULL
4313904,NULL,NULL,"4313904","43",NULL,NULL,"4313904",NULL,NULL,NULL,NULL
5105200,NULL,NULL,"5105200","51",NULL,NULL,"5105200",NULL,NULL,NULL,NULL
2109270,NULL,NULL,"2109270","21",NULL,NULL,"2109270",NULL,NULL,NULL,NULL
3510153,NULL,NULL,"3510153","35",NULL,NULL,"3510153",NULL,NULL,NULL,NULL
2907301,NULL,NULL,"2907301","29",NULL,NULL,"2907301",NULL,NULL,NULL,NULL
2208007,NULL,NULL,"2208007","22",NULL,NULL,"2208007",NULL,NULL,NULL,NULL
3553203,NULL,NULL,"3553203","35",NULL,NULL,"3553203",NULL,NULL,NULL,NULL
3118700,NULL,NULL,"3118700","31",NULL,NULL,"3118700",NULL,NULL,NULL,NULL
3556453,NULL,NULL,"3556453","35",NULL,NULL,"3556453",NULL,NULL,NULL,NULL
3528403,NULL,NULL,"3528403","35",NULL,NULL,"3528403",NULL,NULL,NULL,NULL
2612406,NULL,NULL,"2612406","26",NULL,NULL,"2612406",NULL,NULL,NULL,NULL
3149309,NULL,NULL,"3149309","31",NULL,NULL,"3149309",NULL,NULL,NULL,NULL
3528700,NULL,NULL,"3528700","35",NULL,NULL,"3528700",NULL,NULL,NULL,NULL
3138906,NULL,NULL,"3138906","31",NULL,NULL,"3138906",NULL,NULL,NULL,NULL
3553005,NULL,NULL,"3553005","35",NULL,NULL,"3553005",NULL,NULL,NULL,NULL
3156304,NULL,NULL,"3156304","31",NULL,NULL,"3156304",NULL,NULL,NULL,NULL
5205208,NULL,NULL,"5205208","52",NULL,NULL,"5205208",NULL,NULL,NULL,NULL
1300904,NULL,NULL,"1300904","13",NULL,NULL,"1300904",NULL,NULL,NULL,NULL
5204201,NULL,NULL,"5204201","52",NULL,NULL,"5204201",NULL,NULL,NULL,NULL
2207306,NULL,NULL,"2207306","22",NULL,NULL,"2207306",NULL,NULL,NULL,NULL
1506351,NULL,NULL,"1506351","15",NULL,NULL,"1506351",NULL,NULL,NULL,NULL
2209658,NULL,NULL,"2209658","22",NULL,NULL,"2209658",NULL,NULL,NULL,NULL
3555802,NULL,NULL,"3555802","35",NULL,NULL,"3555802",NULL,NULL,NULL,NULL
2307254,NULL,NULL,"2307254","23",NULL,NULL,"2307254",NULL,NULL,NULL,NULL
3513850,NULL,NULL,"3513850","35",NULL,NULL,"3513850",NULL,NULL,NULL,NULL
2804300,NULL,NULL,"2804300","28",NULL,NULL,"2804300",NULL,NULL,NULL,NULL
2930709,NULL,NULL,"2930709","29",NULL,NULL,"2930709",NULL,NULL,NULL,NULL
1703800,NULL,NULL,"1703800","17",NULL,NULL,"1703800",NULL,NULL,NULL,NULL
3523305,NULL,NULL,"3523305","35",NULL,NULL,"3523305",NULL,NULL,NULL,NULL
3520202,NULL,NULL,"3520202","35",NULL,NULL,"3520202",NULL,NULL,NULL,NULL
3112604,NULL,NULL,"3112604","31",NULL,NULL,"3112604",NULL,NULL,NULL,NULL
4315321,NULL,NULL,"4315321","43",NULL,NULL,"4315321",NULL,NULL,NULL,NULL
2209351,NULL,NULL,"2209351","22",NULL,NULL,"2209351",NULL,NULL,NULL,NULL
2104107,NULL,NULL,"2104107","21",NULL,NULL,"2104107",NULL,NULL,NULL,NULL
3148806,NULL,NULL,"3148806","31",NULL,NULL,"3148806",NULL,NULL,NULL,NULL
2205607,NULL,NULL,"2205607","22",NULL,NULL,"2205607",NULL,NULL,NULL,NULL
3514205,NULL,NULL,"3514205","35",NULL,NULL,"3514205",NULL,NULL,NULL,NULL
2109270,NULL,NULL,"2109270","21",NULL,NULL,"2109270",NULL,NULL,NULL,NULL
4202537,NULL,NULL,"4202537","42",NULL,NULL,"4202537",NULL,NULL,NULL,NULL
4213807,NULL,NULL,"4213807","42",NULL,NULL,"4213807",NULL,NULL,NULL,NULL
2209559,NULL,NULL,"2209559","22",NULL,NULL,"2209559",NULL,NULL,NULL,NULL
2609600,NULL,NULL,"2609600","26",NULL,NULL,"2609600",NULL,NULL,NULL,NULL
4113908,NULL,NULL,"4113908","41",NULL,NULL,"4113908",NULL,NULL,NULL,NULL
4321709,NULL,NULL,"4321709","43",NULL,NULL,"4321709",NULL,NULL,NULL,NULL
2923803,NULL,NULL,"2923803","29",NULL,NULL,"2923803",NULL,NULL,NULL,NULL
3531407,NULL,NULL,"3531407","35",NULL,NULL,"3531407",NULL,NULL,NULL,NULL
5103809,NULL,NULL,"5103809","51",NULL,NULL,"5103809",NULL,NULL,NULL,NULL
2709152,NULL,NULL,"2709152","27",NULL,NULL,"2709152",NULL,NULL,NULL,NULL
4110300,NULL,NULL,"4110300","41",NULL,NULL,"4110300",NULL,NULL,NULL,NULL
5214838,NULL,NULL,"5214838","52",NULL,NULL,"5214838",NULL,NULL,NULL,NULL
2107605,NULL,NULL,"2107605","21",NULL,NULL,"2107605",NULL,NULL,NULL,NULL
4120606,NULL,NULL,"4120606","41",NULL,NULL,"4120606",NULL,NULL,NULL,NULL
2405405,NULL,NULL,"2405405","24",NULL,NULL,"2405405",NULL,NULL,NULL,NULL
2101772,NULL,NULL,"2101772","21",NULL,NULL,"2101772",NULL,NULL,NULL,NULL
5219308,NULL,NULL,"5219308","52",NULL,NULL,"5219308",NULL,NULL,NULL,NULL
4211652,NULL,NULL,"4211652","42",NULL,NULL,"4211652",NULL,NULL,NULL,NULL
3139250,NULL,NULL,"3139250","31",NULL,NULL,"3139250",NULL,NULL,NULL,NULL
3545100,NULL,NULL,"3545100","35",NULL,NULL,"3545100",NULL,NULL,NULL,NULL
3150109,NULL,NULL,"3150109","31",NULL,NULL,"3150109",NULL,NULL,NULL,NULL
2916005,NULL,NULL,"2916005","29",NULL,NULL,"2916005",NULL,NULL,NULL,NULL
1505437,NULL,NULL,"1505437","15",NULL,NULL,"1505437",NULL,NULL,NULL,NULL
3536307,NULL,NULL,"3536307","35",NULL,NULL,"3536307",NULL,NULL,NULL,NULL
2906824,NULL,NULL,"2906824","29",NULL,NULL,"2906824",NULL,NULL,NULL,NULL
1702158,NULL,NULL,"1702158","17",NULL,NULL,"1702158",NULL,NULL,NULL,NULL
2602308,NULL,NULL,"2602308","26",NULL,NULL,"2602308",NULL,NULL,NULL,NULL
2405207,NULL,NULL,"2405207","24",NULL,NULL,"2405207",NULL,NULL,NULL,NULL
4121802,NULL,NULL,"4121802","41",NULL,NULL,"4121802",NULL,NULL,NULL,NULL
2409209,NULL,NULL,"2409209","24",NULL,NULL,"2409209",NULL,NULL,NULL,NULL
3517703,NULL,NULL,"3517703","35",NULL,NULL,"3517703",NULL,NULL,NULL,NULL
2919926,NULL,NULL,"2919926","29",NULL,NULL,"2919926",NULL,NULL,NULL,NULL
1303007,NULL,NULL,"1303007","13",NULL,NULL,"1303007",NULL,NULL,NULL,NULL
3530904,NULL,NULL,"3530904","35",NULL,NULL,"3530904",NULL,NULL,NULL,NULL
4116208,NULL,NULL,"4116208","41",NULL,NULL,"4116208",NULL,NULL,NULL,NULL
3203320,NULL,NULL,"3203320","32",NULL,NULL,"3203320",NULL,NULL,NULL,NULL
4210001,NULL,NULL,"4210001","42",NULL,NULL,"4210001",NULL,NULL,NULL,NULL
2105922,NULL,NULL,"2105922","21",NULL,NULL,"2105922",NULL,NULL,NULL,NULL
4303806,NULL,NULL,"4303806","43",NULL,NULL,"4303806",NULL,NULL,NULL,NULL
1301654,NULL,NULL,"1301654","13",NULL,NULL,"1301654",NULL,NULL,NULL,NULL
4211405,NULL,NULL,"4211405","42",NULL,NULL,"4211405",NULL,NULL,NULL,NULL
2902203,NULL,NULL,"2902203","29",NULL,NULL,"2902203",NULL,NULL,NULL,NULL
5214861,NULL,NULL,"5214861","52",NULL,NULL,"5214861",NULL,NULL,NULL,NULL
2104404,NULL,NULL,"2104404","21",NULL,NULL,"2104404",NULL,NULL,NULL,NULL
2107308,NULL,NULL,"2107308","21",NULL,NULL,"2107308",NULL,NULL,NULL,NULL
4318606,NULL,NULL,"4318606","43",NULL,NULL,"4318606",NULL,NULL,NULL,NULL
1703867,NULL,NULL,"1703867","17",NULL,NULL,"1703867",NULL,NULL,NULL,NULL
2203453,NULL,NULL,"2203453","22",NULL,NULL,"2203453",NULL,NULL,NULL,NULL
4101309,NULL,NULL,"4101309","41",NULL,NULL,"4101309",NULL,NULL,NULL,NULL
4205407,NULL,NULL,"4205407","42",NULL,NULL,"4205407",NULL,NULL,NULL,NULL
2502300,NULL,NULL,"2502300","25",NULL,NULL,"2502300",NULL,NULL,NULL,NULL
5221809,NULL,NULL,"5221809","52",NULL,NULL,"5221809",NULL,NULL,NULL,NULL
2806602,NULL,NULL,"2806602","28",NULL,NULL,"2806602",NULL,NULL,NULL,NULL
5107776,NULL,NULL,"5107776","51",NULL,NULL,"5107776",NULL,NULL,NULL,NULL
3110301,NULL,NULL,"3110301","31",NULL,NULL,"3110301",NULL,NULL,NULL,NULL
2804706,NULL,NULL,"2804706","28",NULL,NULL,"2804706",NULL,NULL,NULL,NULL
3517000,NULL,NULL,"3517000","35",NULL,NULL,"3517000",NULL,NULL,NULL,NULL
4302204,NULL,NULL,"4302204","43",NULL,NULL,"4302204",NULL,NULL,NULL,NULL
5212303,NULL,NULL,"5212303","52",NULL,NULL,"5212303",NULL,NULL,NULL,NULL
4117214,NULL,NULL,"4117214","41",NULL,NULL,"4117214",NULL,NULL,NULL,NULL
3162609,NULL,NULL,"3162609","31",NULL,NULL,"3162609",NULL,NULL,NULL,NULL
2313401,NULL,NULL,"2313401","23",NULL,NULL,"2313401",NULL,NULL,NULL,NULL
2702801,NULL,NULL,"2702801","27",NULL,NULL,"2702801",NULL,NULL,NULL,NULL
2503555,NULL,NULL,"2503555","25",NULL,NULL,"2503555",NULL,NULL,NULL,NULL
3162922,NULL,NULL,"3162922","31",NULL,NULL,"3162922",NULL,NULL,NULL,NULL
3107307,NULL,NULL,"3107307","31",NULL,NULL,"3107307",NULL,NULL,NULL,NULL
2929503,NULL,NULL,"2929503","29",NULL,NULL,"2929503",NULL,NULL,NULL,NULL
3160900,NULL,NULL,"3160900","31",NULL,NULL,"3160900",NULL,NULL,NULL,NULL
1501782,NULL,NULL,"1501782","15",NULL,NULL,"1501782",NULL,NULL,NULL,NULL
1709500,NULL,NULL,"1709500","17",NULL,NULL,"1709500",NULL,NULL,NULL,NULL
1702554,NULL,NULL,"1702554","17",NULL,NULL,"1702554",NULL,NULL,NULL,NULL
1100023,NULL,NULL,"1100023","11",NULL,NULL,"1100023",NULL,NULL,NULL,NULL
1507474,NULL,NULL,"1507474","15",NULL,NULL,"1507474",NULL,NULL,NULL,NULL
3508900,NULL,NULL,"3508900","35",NULL,NULL,"3508900",NULL,NULL,NULL,NULL
3114550,NULL,NULL,"3114550","31",NULL,NULL,"3114550",NULL,NULL,NULL,NULL
4213500,NULL,NULL,"4213500","42",NULL,NULL,"4213500",NULL,NULL,NULL,NULL
3100500,NULL,NULL,"3100500","31",NULL,NULL,"3100500",NULL,NULL,NULL,NULL
3122801,NULL,NULL,"3122801","31",NULL,NULL,"3122801",NULL,NULL,NULL,NULL
1501204,NULL,NULL,"1501204","15",NULL,NULL,"1501204",NULL,NULL,NULL,NULL
2921401,NULL,NULL,"2921401","29",NULL,NULL,"2921401",NULL,NULL,NULL,NULL
5107602,NULL,NULL,"5107602","51",NULL,NULL,"5107602",NULL,NULL,NULL,NULL
5103957,NULL,NULL,"5103957","51",NULL,NULL,"5103957",NULL,NULL,NULL,NULL
2901809,NULL,NULL,"2901809","29",NULL,NULL,"2901809",NULL,NULL,NULL,NULL
1501725,NULL,NULL,"1501725","15",NULL,NULL,"1501725",NULL,NULL,NULL,NULL
3556800,NULL,NULL,"3556800","35",NULL,NULL,"3556800",NULL,NULL,NULL,NULL
2300200,NULL,NULL,"2300200","23",NULL,NULL,"2300200",NULL,NULL,NULL,NULL
3170404,NULL,NULL,"3170404","31",NULL,NULL,"3170404",NULL,NULL,NULL,NULL
3532843,NULL,NULL,"3532843","35",NULL,NULL,"3532843",NULL,NULL,NULL,NULL
5003207,NULL,NULL,"5003207","50",NULL,NULL,"5003207",NULL,NULL,NULL,NULL
2300309,NULL,NULL,"2300309","23",NULL,NULL,"2300309",NULL,NULL,NULL,NULL
4303301,NULL,NULL,"4303301","43",NULL,NULL,"4303301",NULL,NULL,NULL,NULL
2201804,NULL,NULL,"2201804","22",NULL,NULL,"2201804",NULL,NULL,NULL,NULL
2922201,NULL,NULL,"2922201","29",NULL,NULL,"2922201",NULL,NULL,NULL,NULL
3135902,NULL,NULL,"3135902","31",NULL,NULL,"3135902",NULL,NULL,NULL,NULL
3160454,NULL,NULL,"3160454","31",NULL,NULL,"3160454",NULL,NULL,NULL,NULL
3543600,NULL,NULL,"3543600","35",NULL,NULL,"3543600",NULL,NULL,NULL,NULL
2901700,NULL,NULL,"2901700","29",NULL,NULL,"2901700",NULL,NULL,NULL,NULL
4200309,NULL,NULL,"4200309","42",NULL,NULL,"4200309",NULL,NULL,NULL,NULL
3535101,NULL,NULL,"3535101","35",NULL,NULL,"3535101",NULL,NULL,NULL,NULL
4306106,NULL,NULL,"4306106","43",NULL,NULL,"4306106",NULL,NULL,NULL,NULL
4114609,NULL,NULL,"4114609","41",NULL,NULL,"4114609",NULL,NULL,NULL,NULL
2208304,NULL,NULL,"2208304","22",NULL,NULL,"2208304",NULL,NULL,NULL,NULL
4315073,NULL,NULL,"4315073","43",NULL,NULL,"4315073",NULL,NULL,NULL,NULL
3123502,NULL,NULL,"3123502","31",NULL,NULL,"3123502",NULL,NULL,NULL,NULL
3553955,NULL,NULL,"3553955","35",NULL,NULL,"3553955",NULL,NULL,NULL,NULL
2513604,NULL,NULL,"2513604","25",NULL,NULL,"2513604",NULL,NULL,NULL,NULL
2308708,NULL,NULL,"2308708","23",NULL,NULL,"2308708",NULL,NULL,NULL,NULL
2708006,NULL,NULL,"2708006","27",NULL,NULL,"2708006",NULL,NULL,NULL,NULL
3544400,NULL,NULL,"3544400","35",NULL,NULL,"3544400",NULL,NULL,NULL,NULL
4124004,NULL,NULL,"4124004","41",NULL,NULL,"4124004",NULL,NULL,NULL,NULL
4322400,NULL,NULL,"4322400","43",NULL,NULL,"4322400",NULL,NULL,NULL,NULL
2921203,NULL,NULL,"2921203","29",NULL,NULL,"2921203",NULL,NULL,NULL,NULL
2302909,NULL,NULL,"2302909","23",NULL,NULL,"2302909",NULL,NULL,NULL,NULL
4318499,NULL,NULL,"4318499","43",NULL,NULL,"4318499",NULL,NULL,NULL,NULL
1506138,NULL,NULL,"1506138","15",NULL,NULL,"1506138",NULL,NULL,NULL,NULL
2512408,NULL,NULL,"2512408","25",NULL,NULL,"2512408",NULL,NULL,NULL,NULL
2905156,NULL,NULL,"2905156","29",NULL,NULL,"2905156",NULL,NULL,NULL,NULL
4213104,NULL,NULL,"4213104","42",NULL,NULL,"4213104",NULL,NULL,NULL,NULL
5213855,NULL,NULL,"5213855","52",NULL,NULL,"5213855",NULL,NULL,NULL,NULL
4120903,NULL,NULL,"4120903","41",NULL,NULL,"4120903",NULL,NULL,NULL,NULL
2922409,NULL,NULL,"2922409","29",NULL,NULL,"2922409",NULL,NULL,NULL,NULL
3300506,NULL,NULL,"3300506","33",NULL,NULL,"3300506",NULL,NULL,NULL,NULL
4312625,NULL,NULL,"4312625","43",NULL,NULL,"4312625",NULL,NULL,NULL,NULL
4323457,NULL,NULL,"4323457","43",NULL,NULL,"4323457",NULL,NULL,NULL,NULL
4101606,NULL,NULL,"4101606","41",NULL,NULL,"4101606",NULL,NULL,NULL,NULL
2512101,NULL,NULL,"2512101","25",NULL,NULL,"2512101",NULL,NULL,NULL,NULL
3555208,NULL,NULL,"3555208","35",NULL,NULL,"3555208",NULL,NULL,NULL,NULL
2703304,NULL,NULL,"2703304","27",NULL,NULL,"2703304",NULL,NULL,NULL,NULL
5107859,NULL,NULL,"5107859","51",NULL,NULL,"5107859",NULL,NULL,NULL,NULL
1703883,NULL,NULL,"1703883","17",NULL,NULL,"1703883",NULL,NULL,NULL,NULL
5002100,NULL,NULL,"5002100","50",NULL,NULL,"5002100",NULL,NULL,NULL,NULL
3306156,NULL,NULL,"3306156","33",NULL,NULL,"3306156",NULL,NULL,NULL,NULL
4321303,NULL,NULL,"4321303","43",NULL,NULL,"4321303",NULL,NULL,NULL,NULL
2613008,NULL,NULL,"2613008","26",NULL,NULL,"2613008",NULL,NULL,NULL,NULL
4107124,NULL,NULL,"4107124","41",NULL,NULL,"4107124",NULL,NULL,NULL,NULL
4128401,NULL,NULL,"4128401","41",NULL,NULL,"4128401",NULL,NULL,NULL,NULL
2313559,NULL,NULL,"2313559","23",NULL,NULL,"2313559",NULL,NULL,NULL,NULL
2918001,NULL,NULL,"2918001","29",NULL,NULL,"2918001",NULL,NULL,NULL,NULL
4318705,NULL,NULL,"4318705","43",NULL,NULL,"4318705",NULL,NULL,NULL,NULL
3128808,NULL,NULL,"3128808","31",NULL,NULL,"3128808",NULL,NULL,NULL,NULL
2203206,NULL,NULL,"2203206","22",NULL,NULL,"2203206",NULL,NULL,NULL,NULL
3545407,NULL,NULL,"3545407","35",NULL,NULL,"3545407",NULL,NULL,NULL,NULL
4200705,NULL,NULL,"4200705","42",NULL,NULL,"4200705",NULL,NULL,NULL,NULL
2929909,NULL,NULL,"2929909","29",NULL,NULL,"2929909",NULL,NULL,NULL,NULL
2516300,NULL,NULL,"2516300","25",NULL,NULL,"2516300",NULL,NULL,NULL,NULL
2100204,NULL,NULL,"2100204","21",NULL,NULL,"2100204",NULL,NULL,NULL,NULL
3556107,NULL,NULL,"3556107","35",NULL,NULL,"3556107",NULL,NULL,NULL,NULL
3504909,NULL,NULL,"3504909","35",NULL,NULL,"3504909",NULL,NULL,NULL,NULL
3515194,NULL,NULL,"3515194","35",NULL,NULL,"3515194",NULL,NULL,NULL,NULL
4210605,NULL,NULL,"4210605","42",NULL,NULL,"4210605",NULL,NULL,NULL,NULL
1503705,NULL,NULL,"1503705","15",NULL,NULL,"1503705",NULL,NULL,NULL,NULL
4124608,NULL,NULL,"4124608","41",NULL,NULL,"4124608",NULL,NULL,NULL,NULL
2410702,NULL,NULL,"2410702","24",NULL,NULL,"2410702",NULL,NULL,NULL,NULL
5200902,NULL,NULL,"5200902","52",NULL,NULL,"5200902",NULL,NULL,NULL,NULL
5207600,NULL,NULL,"5207600","52",NULL,NULL,"5207600",NULL,NULL,NULL,NULL
3205309,NULL,NULL,"3205309","32",NULL,NULL,"3205309",NULL,NULL,NULL,NULL
3143500,NULL,NULL,"3143500","31",NULL,NULL,"3143500",NULL,NULL,NULL,NULL
4213153,NULL,NULL,"4213153","42",NULL,NULL,"4213153",NULL,NULL,NULL,NULL
4304853,NULL,NULL,"4304853","43",NULL,NULL,"4304853",NULL,NULL,NULL,NULL
2312700,NULL,NULL,"2312700","23",NULL,NULL,"2312700",NULL,NULL,NULL,NULL
1502756,NULL,NULL,"1502756","15",NULL,NULL,"1502756",NULL,NULL,NULL,NULL
4206405,NULL,NULL,"4206405","42",NULL,NULL,"4206405",NULL,NULL,NULL,NULL
4127908,NULL,NULL,"4127908","41",NULL,NULL,"4127908",NULL,NULL,NULL,NULL
3138401,NULL,NULL,"3138401","31",NULL,NULL,"3138401",NULL,NULL,NULL,NULL
2930006,NULL,NULL,"2930006","29",NULL,NULL,"2930006",NULL,NULL,NULL,NULL
3162708,NULL,NULL,"3162708","31",NULL,NULL,"3162708",NULL,NULL,NULL,NULL
2109205,NULL,NULL,"2109205","21",NULL,NULL,"2109205",NULL,NULL,NULL,NULL
2921401,NULL,NULL,"2921401","29",NULL,NULL,"2921401",NULL,NULL,NULL,NULL
2911600,NULL,NULL,"2911600","29",NULL,NULL,"2911600",NULL,NULL,NULL,NULL
2602803,NULL,NULL,"2602803","26",NULL,NULL,"2602803",NULL,NULL,NULL,NULL
3136520,NULL,NULL,"3136520","31",NULL,NULL,"3136520",NULL,NULL,NULL,NULL
2605202,NULL,NULL,"2605202","26",NULL,NULL,"2605202",NULL,NULL,NULL,NULL
3538907,NULL,NULL,"3538907","35",NULL,NULL,"3538907",NULL,NULL,NULL,NULL
3147956,NULL,NULL,"3147956","31",NULL,NULL,"3147956",NULL,NULL,NULL,NULL
4321956,NULL,NULL,"4321956","43",NULL,NULL,"4321956",NULL,NULL,NULL,NULL
3200904,NULL,NULL,"3200904","32",NULL,NULL,"3200904",NULL,NULL,NULL,NULL
5000708,NULL,NULL,"5000708","50",NULL,NULL,"5000708",NULL,NULL,NULL,NULL
4300877,NULL,NULL,"4300877","43",NULL,NULL,"4300877",NULL,NULL,NULL,NULL
3505302,NULL,NULL,"3505302","35",NULL,NULL,"3505302",NULL,NULL,NULL,NULL
4320321,NULL,NULL,"4320321","43",NULL,NULL,"4320321",NULL,NULL,NULL,NULL
3135050,NULL,NULL,"3135050","31",NULL,NULL,"3135050",NULL,NULL,NULL,NULL
1600600,NULL,NULL,"1600600","16",NULL,NULL,"1600600",NULL,NULL,NULL,NULL
3503158,NULL,NULL,"3503158","35",NULL,NULL,"3503158",NULL,NULL,NULL,NULL
2204501,NULL,NULL,"2204501","22",NULL,NULL,"2204501",NULL,NULL,NULL,NULL
4116950,NULL,NULL,"4116950","41",NULL,NULL,"4116950",NULL,NULL,NULL,NULL
4116604,NULL,NULL,"4116604","41",NULL,NULL,"4116604",NULL,NULL,NULL,NULL
2512507,NULL,NULL,"2512507","25",NULL,NULL,"2512507",NULL,NULL,NULL,NULL
2928406,NULL,NULL,"2928406","29",NULL,NULL,"2928406",NULL,NULL,NULL,NULL
4315156,NULL,NULL,"4315156","43",NULL,NULL,"4315156",NULL,NULL,NULL,NULL
5204250,NULL,NULL,"5204250","52",NULL,NULL,"5204250",NULL,NULL,NULL,NULL
1100064,NULL,NULL,"1100064","11",NULL,NULL,"1100064",NULL,NULL,NULL,NULL
1506112,NULL,NULL,"1506112","15",NULL,NULL,"1506112",NULL,NULL,NULL,NULL
3538501,NULL,NULL,"3538501","35",NULL,NULL,"3538501",NULL,NULL,NULL,NULL
2512754,NULL,NULL,"2512754","25",NULL,NULL,"2512754",NULL,NULL,NULL,NULL
3204559,NULL,NULL,"3204559","32",NULL,NULL,"3204559",NULL,NULL,NULL,NULL
5001003,NULL,NULL,"5001003","50",NULL,NULL,"5001003",NULL,NULL,NULL,NULL
4308201,NULL,NULL,"4308201","43",NULL,NULL,"4308201",NULL,NULL,NULL,NULL
3148905,NULL,NULL,"3148905","31",NULL,NULL,"3148905",NULL,NULL,NULL,NULL
3523503,NULL,NULL,"3523503","35",NULL,NULL,"3523503",NULL,NULL,NULL,NULL
4205159,NULL,NULL,"4205159","42",NULL,NULL,"4205159",NULL,NULL,NULL,NULL
3535309,NULL,NULL,"3535309","35",NULL,NULL,"3535309",NULL,NULL,NULL,NULL
3131505,NULL,NULL,"3131505","31",NULL,NULL,"3131505",NULL,NULL,NULL,NULL
5218508,NULL,NULL,"5218508","52",NULL,NULL,"5218508",NULL,NULL,NULL,NULL
4104006,NULL,NULL,"4104006","41",NULL,NULL,"4104006",NULL,NULL,NULL,NULL
